,edit_history_tweet_ids,id,text
0,['633979449114013696'],633979449114013696,@hansersej der kommer dagligt nye - heldigvis aftagende. Tilmed samme mails fra samme afsender.
1,['633978794039189504'],633978794039189504,"K√¶re milj√∏aktivist. 
Du stopper ikke grindedrab ved at sende den samme e-mail mange, mange gange..! Du er bare tr√¶ls."
2,['633018352903016448'],633018352903016448,"@dknyt Korrekt. Borgmesteren har meddelt i aften, at jeg vil modtage eftervederlag i 3 m√•neder. Vil fors√∏ge at betale tilbage."
3,['632990836750479365'],632990836750479365,"Hvad?! Kommunale udv.fmd. f√•r eftervederlag?! Gu' skal jeg ej have eftervederlag! 
To do: 
1: Pengene retur 
2: √Ündre (dumme) regler
#dkpol"
4,['631523266847502336'],631523266847502336,"RT @espersendf: Den tyske politiformand f√∏ler sig ""misforst√•et"" om √∏nsket om gr√¶nsekontrol... Overs√¶ttelse: Han er blevet banket p√• plads #‚Ä¶"
5,['631449011401170944'],631449011401170944,RT @hansersej: @KofodPeter http://t.co/VhZyzU3hew
6,['631408233266159616'],631408233266159616,@hansersej http://t.co/DQ91Ow46Nc
7,['631403462073425920'],631403462073425920,"Dette er, hvad @khoenge sagde om Carl Hs vederlag. Sp√¶ndt p√• at h√∏re hans reaktion p√• Holger K's pension..! #dkpol http://t.co/na7aDOm5Lz"
8,['631147796578631680'],631147796578631680,@MiklSkovsgaard gerne. Vi ses :-)
9,['631144878685204480'],631144878685204480,#Gr√¶nsekontrolNU https://t.co/iO3IOo0m6r
10,['628557433342939136'],628557433342939136,"RT @skaarup_df: Uddannelses- og jobmulighederne i provinsen skal styrkes, bl.a. ved udflytning af statslige arbejdspladser. #dkpol"
11,['628138955616186368'],628138955616186368,Gl√¶der mig til at @DanskDf1995 's sommergruppem√∏de g√•r i gang om en times tid :-) #dkpol
12,['625393377450790912'],625393377450790912,"Wow! S√• rundede jeg 2000 (vrede) mails om grindehvalerne. Beklager, at jeg ikke l√¶ngere svarer..! #dkpol"
13,['622031296315949056'],622031296315949056,"Der var k√∏ ved standen p√• Vorbasse Marked, hvor man kunne melde sig ind i @DanskDf1995 #herg√•rdetgodt #dkpol http://t.co/BR64hS6QEW"
14,['621689410103414784'],621689410103414784,"RT @espersendf: Nu holder Venstre fast i, at EU-jordb√¶r-plukkere kan f√• fuld b√∏rnecheck, selvom V rasede over det i valgkampen. L√∏ftebrud? ‚Ä¶"
15,['621018476170379264'],621018476170379264,Det skal #Haderslev Kommune alts√• g√∏re bedre i fremtiden. #stramop #sydjylland #s√∏nderjylland  https://t.co/7tb3hUHWBn
16,['616928689410953216'],616928689410953216,"Er mega stolt over Pia Kj√¶rsgaard, der i dag er blevet fmd for @folketinget. Stort! #dkpol http://t.co/MbOQNBnMaL"
17,['616586587388968960'],616586587388968960,"@Wollese tak - jeg skal g√∏re mit bedste, Hans Kristian! :-)"
18,['616548213479370752'],616548213479370752,Selfie fra salen. Stort! #dkpol http://t.co/zqKne21vXY
19,['615562832881577986'],615562832881577986,"RT @skaarup_df: Herligt, at det nu igen bliver muligt at tr√¶kke h√•ndv√¶rkerudgifter fra. Ordningen genindf√∏res! Aftale mellem V, DF, √Ö, SF o‚Ä¶"
20,['613564597560299520'],613564597560299520,RT @gotv2dk: . @DanskDf1995 fremgang overraskede ved valget. M√∏d @Pernillebendix @kofodpeter og @Kristensenberth der er DFs nye ansigter om‚Ä¶
21,['613286306135863296'],613286306135863296,RT @Blixt22: DFs folketingsgruppe http://t.co/tNQ7uFWFoO
22,['612890111777374208'],612890111777374208,RT @TVSYD: Peter Kofod Poulsen v√¶lger regionsr√•det fra #dkpol #fv15 #Aabenraa #Haderslev #Vejle http://t.co/JbBYenRtyI
23,['612615467157585920'],612615467157585920,"Hvis turister skulle frav√¶lge #s√∏nderjylland pga gr√¶nsekontrol, hvorfor str√∏mmer de s√• til UK, der tilmed er udenfor schengen?! #dkpol"
24,['612588747385913344'],612588747385913344,"@jyllandsposten de skal lytte til deres v√¶lgere, der √∏nsker kontrollen genindf√∏rt #gr√¶nsekontrol #dkpol"
25,['612576440475893760'],612576440475893760,"Synes, de s√∏nderjyske borgmestre skal acceptere v√¶lgernes klare √∏nske: gr√¶nsekontrol! #klapligehesten #dkpol #gr√¶nsekontrol"
26,['611931573626269696'],611931573626269696,Det er nu officielt: jeg er valgt til Folketinget! Tak! Mange tak! :-)
27,['611630822140063744'],611630822140063744,@matmat1995 gl√¶de. F√∏lelser. Overraskelse. Stolthed. Igen: gl√¶de.
28,['611630315476488192'],611630315476488192,! #dkpol
29,['611561002233106432'],611561002233106432,RT @rasmus_just: JV er klar til valg p√• Borgen. @KofodPeter er m√∏dt som en af de f√∏rste politikere. F√∏lg d√¶kningen p√• #jvdk #fv15syd http:/‚Ä¶
30,['610826080220508161'],610826080220508161,@TineSchjoedt peter@df-ungdom.dk
31,['610722839235297280'],610722839235297280,Sammen med MEP @AndersVistisen p√• valgkampagne i #S√∏nderjylland! #ft15 #fv15syd #fv15 #jvdk #TVsyd #sydjylland http://t.co/TanJk0JX2L
32,['609412565857357824'],609412565857357824,RT @Nick_Zimmermann: K√¶re @Spolitik. Fedt vi kan inspirere jer üòâ #fv15 #dkpol  http://t.co/AOcVJvaTQx
33,['609343526556565505'],609343526556565505,"Stem p√• mig, hvis du er enig med mig - ikke pga mit k√∏n. Ligestilling handler om lige muligheder - uanset k√∏n @TVSYD http://t.co/aY15ECzShE"
34,['608649441181073408'],608649441181073408,Til debat hos det tyske mindretal i #tinglev - gl√¶der mig til debat om #S√∏nderjylland #fv15syd #aabenraa
35,['608627464693276672'],608627464693276672,"@TVSYD heldigt for DK, at tyskerne er p√• stikkerne, n√•r vi nu ikke selv passer p√• DK med gr√¶nsekontrol..! #gr√¶nsekontrolNu"
36,['608626418453504000'],608626418453504000,Forst√•r ikke Karina L's lyst til at s√¶nke valgretsalderen. Den b√∏r f√∏lge myndighedsalderen. @TVSYD #fv15syd http://t.co/Ng3t0phYch
37,['608015235128160256'],608015235128160256,St√¶rk √∏konomisk plan fra @DanskDf1995 - flere penge til kernevelf√¶rd - f√¶rre til ulandsbistand og selskabsskattelettelser #fv15syd #dkpol
38,['607622890796806144'],607622890796806144,Thorning afbr√∏d - useri√∏st. L√∏kke svarede - seri√∏st. Klar forskel i #dkpol #DRdinstemme
39,['607621973909381120'],607621973909381120,"Thorning vil investere i sundhed. Ikke lige det, vi har m√¶rket til i region Syd de sidste par √•r! #DRdinstemme #dkpol"
40,['607621574963953664'],607621574963953664,Glad for at LLR vil lade kommunerne f√• st√∏rre rolle i sundhed og forbyggelse - godt! #DRdinstemme #dkpol
41,['607619893530390528'],607619893530390528,Patienterne ligger stadig p√• gangene af sygehusene - lovede Thorning ikke det modsatte..? #l√∏ftebrud #DRdinstemme #dkpol
42,['607619288720134145'],607619288720134145,Ut√¶llelige afbrydelser fra Thorning - pinligt... #dkpol #DRdinstemme
43,['606729576396562433'],606729576396562433,"RT @MrMesserschmidt: Ups, s√• gik der panduro i den... #fusktusklusk #regeringdukender #sass http://t.co/BKDYmbe6eo #dkpol #fv15 #dkmedier h‚Ä¶"
44,['606173402941005828'],606173402941005828,"RT @espersendf: Britiske konservative melder klart ud, at de h√•ber p√• valgsejr til Dansk Folkeparti. S√• f√•r Cameron dansk st√∏tte til reform‚Ä¶"
45,['606150497687465984'],606150497687465984,"@malion88 nej, ikke hvis det forhindrer gentagelse af forbrydelsen. #tv2valg"
46,['606112641946423296'],606112641946423296,7 og 8 √•rs f√¶ngsel?! Grotesk! Indf√∏r minimumsstraffe og medicinsk kastration af seksualforbrydere @EkstraBladet http://t.co/t3R5JbhHw1
47,['606063913424297985'],606063913424297985,"St√¶rk melding fra @MrMesserschmidt om EU. Lad os genforhandle EU-medlemskab, s√• vi kan f√• #mereDKmindreEU #dkpol #ft15 #fv15syd"
48,['605734888382300160'],605734888382300160,"Er debat p√• @SydDR om 10 min. Lyt med og h√∏r, hvorfor jeg har en b√∏rnebog med :-)"
49,['605704012357365760'],605704012357365760,@TVSYD det eneste rigtige at g√∏re. Vigtig melding fra @DanskDf1995!
50,['605529283658948608'],605529283658948608,Indbrud i ejendommen - min underbo er blevet ber√∏vet og lejligheden smadret. Utrygt. Dog stor ros til de to betjente. http://t.co/P4AF471kDn
51,['605090605715308544'],605090605715308544,Kn√¶fald i #haderslev: HAB sender nu breve ud p√• arabisk. #skammeligt #tvsyd #jvdk http://t.co/AsJ0fMywpW
52,['605086619385888768'],605086619385888768,@tv2newsdk l√∏ftebrud og kaos p√• udl√¶ndingeomr√•det - hun m√• v√¶re virkelig stolt... #ironi
53,['605086066756993024'],605086066756993024,"Politikernes privilegier skal ikke i en syltekrukke, men reformeres #tv2valg"
54,['605085605366775808'],605085605366775808,"Thornings ""stramninger"" har betydning for blot 126 personer - det kan vi g√∏re bedre... #tv2valg"
55,['605084780418502656'],605084780418502656,"Har Thorning strammet udl√¶ndingepolitikken? Ej, come on! V√¶r i det mindste √¶rlig om forfejlet politik..! #tv2valg"
56,['605084430072475648'],605084430072475648,Bedste redskab i integrationen: begr√¶nset tilstr√∏mning. Thorning √•bnede desv√¶rre ladeporten med en stribe lempelser.. #tv2valg
57,['605084092120608768'],605084092120608768,"Griner Thorning af integrationsproblemerne, LLR taler om? Taktl√∏st! #tv2valg"
58,['605083329340284928'],605083329340284928,Forskelle i #dkpol : S bruger penge p√• indvandring. Vi vil hellere bruge penge p√• sundhed og velf√¶rd. #tv2valg
59,['605082378684514304'],605082378684514304,"Thorning har ret i, at man ""ikke kan bruge penge alt muligt"". Desv√¶rre, bruger hun dem p√• indvandring. #nyregeringnu #tv2valg"
60,['605081733806063617'],605081733806063617,Hvad vil I g√∏re ved problemerne med de √•bne gr√¶nser? #tv2valg
61,['605080524567285760'],605080524567285760,L√∏fte fra Thorning: milliarder p√• vej til sundhed - EFTER valget. Har vi ikke h√∏rt de l√∏fter f√∏r..? #tv2valg
62,['605079746515476480'],605079746515476480,"Patienterne ligger p√• gangene, fordi anl√¶gsrammerne i regionerne er besk√•ret. Nedsk√¶ringerne st√•r Thorning bag. #tv2valg"
63,['605075321147256832'],605075321147256832,"Over 30.000 mere i besk√¶ftigelse, siger Helle T. Gad vide, hvor mange, der er √∏steurop√¶ere..! #tv2valg #dkpol"
64,['605017787459846144'],605017787459846144,Var med @MrMesserschmidt i #aabenraa i dag - der var en super stemning omkring DF #dkpol #ft15 #fv15syd #TVSYD #jvdk http://t.co/zWWSkO13C0
65,['603592821120049152'],603592821120049152,NU er der gang i valgkampen!üòä k√¶mpe tak til Casper og Mathilde for deres store arbejde ude vest p√• i‚Ä¶ https://t.co/FlFl3L14ek
66,['603579433874759680'],603579433874759680,RT @TVSYD: If√∏lge en prognose bliver @DanskDf1995 Folkeparti vinder i TV SYDs omr√•de.http://t.co/qlO4spmQz0
67,['603575953256783872'],603575953256783872,@RohlChristopher du kan jo se med og h√∏re om lidt :-)
68,['603573659333206017'],603573659333206017,Se med 17.15 p√• @TVSYD hvor jeg argumenterer for at genindf√∏re gr√¶nsekontrollen #dkpol #S√∏nderjylland #fv15 #fv15syd http://t.co/PHl5jSki78
69,['603512826381127681'],603512826381127681,RT @Lokalavisen_Aab: Alle kneb g√¶lder - og @KofodPeter skiller sig ud fra m√¶ngden med denne plakat #fv15syd #lokalavisen #aabenraa #fv15  h‚Ä¶
70,['603503038196752384'],603503038196752384,RT @wwwjvdk: Er det valgkampens mest bem√¶rkelsesv√¶rdige plakat? .@KofodPeter skiller sig i hvert fald ud i lygtep√¶lene. #ft15syd https://t.‚Ä¶
71,['603496116806647808'],603496116806647808,Har nok landsdelens mest pudsige valgplakat..! üòä #fv15 #S√∏nderjylland #fv15syd http://t.co/IyfdP8LUsP
72,['603486796392079361'],603486796392079361,"Helle T p√• pressem√∏de: ""DK er tilbage p√• sporet"". Tja, det m√• v√¶re sidesporet..! #fv15 #dkpol"
73,['603483155757162496'],603483155757162496,@matmat1995 helt sikkert! üòä
74,['603482745331912704'],603482745331912704,DKs bedste partiformand er klar til valg! St√¶rkt! #dkpol #fv15 http://t.co/KKmnvijvju
75,['603450365145649152'],603450365145649152,Vi er KLAR til #fv15! Nu m√∏de med kampagnechef @HenrikJeppesen4 #dkpol #valg #krydsvedkofod http://t.co/vgQqSgco07
76,['603442867965681664'],603442867965681664,RT @AndersVistisen: Klar til valg - @KofodPeter og @HultgrenLucas vil k√¶mpe for mere DK - mindre EU fra FT. #eudk #dkvalg #dkpol #dkmedier ‚Ä¶
77,['603252111212748800'],603252111212748800,"@TVSYD falliterkl√¶ring, at der ikke rekrutteres af danske ledige og at √∏steurop√¶ere v√¶lter ind i DK og tager danske jobs.. #NyRegeringNu"
78,['603244973639753728'],603244973639753728,@Loui_Jacquet det er jeg glad for at se! üòäüëç
79,['603237027442774016'],603237027442774016,@RuneHojer i det verdslige taler vi dansk. S√•dan er det jo.
80,['603236426663223296'],603236426663223296,"@RuneHojer klap lige hesten, Rune. Breaking? Men de tyske skilte skal vi ikke have!"
81,['601353764948303872'],601353764948303872,"Forst√•r simpelthen ikke, at venstrefl√∏jen siger nej til at udflytte statslige arbejdspladser til provinsen. √òv. #nyregeringnu #dkpol"
82,['601352378126880768'],601352378126880768,"RT @skaarup_df: Utroligt, at DF er det eneste parti, der st√∏tter, at statsl√∏se udl√¶ndinge, som PET advarer mod, ikke skal tildeles statsbor‚Ä¶"
83,['599651367049949184'],599651367049949184,"RT @kafkast: Pia K: ""Det er fuldst√¶ndigt ut√¶nkeligt, at vi g√•r med til nulv√¶kst"". Jeg har interviewet Pia K @raesondk http://t.co/4Eo9d3Dsn‚Ä¶"
84,['598243563026173953'],598243563026173953,@TVSYD utaknemmeligt..!
85,['596691641336987648'],596691641336987648,"RT @SteenAJ: Endeligt resultat af #UKvalg - mandater:
Con: 331
Lab: 232
SNP: 56
Lib.Dem: 8 
UKIP: 1
Green: 1 
Conservatives har absolut fle‚Ä¶"
86,['596575090575286272'],596575090575286272,"RT @askrost: Status: Skotland stikker af, Labour i dyb krise, Lib Dem smadret, UKIP og Green t√∏rret af systemet og Cameron er √•rets comebac‚Ä¶"
87,['595882043583688705'],595882043583688705,RT @QvortrupHenrik: #dagensq-blogger og @DanskDf1995-kandidat @KofodPeter: Gr√¶nsekontrol NU. http://t.co/oAa3c9EAiR
88,['594501642940186624'],594501642940186624,"RT @nielsthdahl: S p√•st√•r, udl√¶ndingepolitikken ikke er lempet 31 gange. R √•benbart uenige. #dkpol http://t.co/31owpLLpuP"
89,['594138949481832449'],594138949481832449,"@Kriskraen  kryb du hellere til korset og indr√∏m, at mange af jobbene er g√•et til √∏steurop√¶ere. Og hav i √∏vrigt en fortsat god weekend :-)"
90,['594135451113549824'],594135451113549824,"@Kriskraen endnu engang m√• jeg le. I skaber tusinder af jobs til √∏steurop√¶ere - og du beder mig undskylde :-) I er morsomme, I radikale :-)"
91,['594131526901698560'],594131526901698560,"@Kriskraen haha :-) nope, st√• dog ved, at mange af jeres jobs er g√•et til √∏steurop√¶ere."
92,['594125829644357632'],594125829644357632,@Kriskraen 2011: under 64.000 √∏starbejdere i DK ‚Äì i 2014: lidt over 90.000. Det passer fint med en stigning p√• lidt over 26.000.
93,['594114780585193472'],594114780585193472,@Kriskraen http://t.co/hx85ORJKe7
94,['594095940392333312'],594095940392333312,Ha' en god #1maj15 #nyregeringnu #dkpol http://t.co/M4fEYWBQxZ
95,['594031594073104384'],594031594073104384,"RT @CasperDall: Mens venstrefl√∏jen fejrer #1maj15, kan bl√• blok fejre, de har 61,6% af arbejderv√¶lgerne #dkpol http://t.co/nEmddZDV1k http:‚Ä¶"
96,['593267742863695873'],593267742863695873,Ingen retsag - er en tilfreds mand :-) #retf√¶rdighed #ytringsfrihed #s√∏nderjylland #dkpol http://t.co/EOmYAY3cU7
97,['592985105355960321'],592985105355960321,RT @DanskDf1995: Pia K afleverer donation til @Dyrevaernet i anledning af at runde 100.000 FB-venner #dkpol #dkpoltv2 @tv2politik http://t.‚Ä¶
98,['592378801037914112'],592378801037914112,@jyllandsposten det skulle aldrig have v√¶ret sat op. Borgmesteren spurgte aldrig om lov - og vi vil ikke have flere af de skilte.
99,['592337736662700032'],592337736662700032,@BoSkibelund @radikale du beskylder mig for at have beg√•et h√¶rv√¶rk. #ikkeok
